{"biases": [0.7473200000000001, -0.18459, 0.5659500000000001], "norms": [0.4449200000000001, 0.41391, 0.4255300000000001], "north": 3.730704379276715}